ID,Name,Attacks Total,Completed,Date Last Run,Daily Attacks,Weekly Attacks,Monthly Attacks,Attack History
35234,ACHRAF,41,Yes,2025-04-26,9,9,14,",2025-04-10:29,2025-04-10:30,2025-04-12:32,2025-04-26:41"
33366,ALBERT78,123,Yes,2025-04-26,5,7,62,",2025-02-25:13,2025-02-28:20,2025-03-01:36,2025-03-04:46,2025-03-06:53,2025-03-08:58,2025-03-09:61,2025-03-11:66,2025-03-11:71,2025-03-13:75,2025-03-14:79,2025-03-15:83,2025-03-16:88,2025-03-20:91,2025-04-06:108,2025-04-15:113,2025-04-17:116,2025-04-24:118,2025-04-26:123"
33788,AMIHAN,193,No,2025-04-26,0,8,153,",2025-03-10:50,2025-03-10:55,2025-03-11:65,2025-03-12:70,2025-03-13:75,2025-03-14:79,2025-03-15:84,2025-03-16:89,2025-03-17:99,2025-03-19:104,2025-03-23:111,2025-03-26:116,2025-04-06:156,2025-04-07:161,2025-04-10:166,2025-04-12:170,2025-04-14:180,2025-04-16:185,2025-04-22:188,2025-04-24:193"
32869,ANDYW,805,Yes,2025-04-26,6,89,316,",2025-02-09:109,2025-02-12:146,2025-02-13:150,2025-02-15:198,2025-02-16:214,2025-02-17:221,2025-02-18:236,2025-02-19:251,2025-02-22:284,2025-02-22:288,2025-02-23:299,2025-02-25:332,2025-02-26:352,2025-02-27:365,2025-02-28:381,2025-03-01:392,2025-03-04:425,2025-03-05:435,2025-03-06:458,2025-03-08:474,2025-03-08:478,2025-03-09:489,2025-03-11:494,2025-03-15:496,2025-03-16:507,2025-03-17:508,2025-03-19:518,2025-03-20:523,2025-03-21:528,2025-03-21:533,2025-03-22:539,2025-03-22:546,2025-03-23:551,2025-03-24:558,2025-03-24:562,2025-03-24:564,2025-03-26:586,2025-04-06:670,2025-04-07:671,2025-04-07:681,2025-04-10:684,2025-04-15:689,2025-04-19:703,2025-04-20:710,2025-04-20:716,2025-04-22:741,2025-04-22:747,2025-04-24:784,2025-04-25:799,2025-04-26:805"
35404,AUSTINGGMING,64,No,2025-04-26,0,0,21,",2025-04-10:58,2025-04-15:64"
33787,BENSKEER,1471,Yes,2025-04-26,15,79,1281,",2025-03-09:190,2025-03-10:208,2025-03-10:212,2025-03-10:214,2025-03-10:221,2025-03-11:239,2025-03-11:249,2025-03-11:256,2025-03-12:280,2025-03-12:284,2025-03-13:313,2025-03-13:316,2025-03-13:324,2025-03-14:341,2025-03-14:364,2025-03-15:395,2025-03-16:453,2025-03-17:485,2025-03-17:489,2025-03-18:535,2025-03-19:566,2025-03-19:579,2025-03-19:581,2025-03-20:610,2025-03-20:620,2025-03-20:623,2025-03-20:629,2025-03-21:657,2025-03-21:668,2025-03-22:693,2025-03-22:706,2025-03-23:751,2025-03-23:753,2025-03-24:769,2025-03-24:777,2025-03-24:785,2025-03-26:842,2025-03-26:845,2025-04-06:1165,2025-04-06:1170,2025-04-07:1178,2025-04-10:1242,2025-04-10:1248,2025-04-12:1268,2025-04-14:1301,2025-04-15:1310,2025-04-16:1330,2025-04-17:1338,2025-04-17:1343,2025-04-18:1359,2025-04-19:1378,2025-04-20:1382,2025-04-20:1392,2025-04-22:1413,2025-04-24:1440,2025-04-25:1456,2025-04-26:1471"
38371,BILLYLEE,1,No,2025-04-26,0,0,0,
35421,BOKOMA,182,No,2025-04-26,0,0,47,",2025-04-10:156,2025-04-14:164,2025-04-17:171,2025-04-19:182"
35111,BUBBABASE,945,Yes,2025-04-26,42,178,592,",2025-04-06:357,2025-04-06:364,2025-04-06:365,2025-04-07:369,2025-04-07:376,2025-04-07:378,2025-04-07:379,2025-04-10:504,2025-04-10:506,2025-04-12:540,2025-04-14:578,2025-04-15:604,2025-04-16:631,2025-04-17:670,2025-04-17:678,2025-04-18:699,2025-04-19:732,2025-04-20:763,2025-04-20:767,2025-04-20:769,2025-04-22:811,2025-04-24:875,2025-04-25:903,2025-04-26:945"
32929,CARRASCCO,1671,No,2025-04-26,0,12,1246,",2025-02-12:25,2025-02-13:38,2025-02-15:50,2025-02-17:54,2025-02-18:55,2025-02-22:64,2025-02-22:66,2025-02-23:71,2025-02-26:75,2025-03-01:79,2025-03-04:176,2025-03-04:177,2025-03-04:178,2025-03-05:221,2025-03-06:302,2025-03-08:393,2025-03-08:394,2025-03-08:395,2025-03-09:425,2025-03-10:473,2025-03-10:484,2025-03-10:501,2025-03-10:522,2025-03-10:534,2025-03-11:578,2025-03-11:593,2025-03-11:601,2025-03-12:645,2025-03-12:663,2025-03-13:719,2025-03-13:722,2025-03-13:742,2025-03-14:765,2025-03-14:809,2025-03-15:852,2025-03-16:957,2025-03-17:1001,2025-03-17:1025,2025-03-18:1092,2025-03-19:1142,2025-03-19:1161,2025-03-19:1170,2025-03-20:1188,2025-03-20:1226,2025-03-20:1232,2025-03-20:1244,2025-03-21:1267,2025-03-21:1286,2025-03-21:1290,2025-03-22:1326,2025-03-22:1373,2025-03-23:1448,2025-03-23:1458,2025-03-24:1467,2025-03-24:1494,2025-03-26:1498,2025-04-06:1540,2025-04-07:1548,2025-04-07:1555,2025-04-07:1557,2025-04-07:1558,2025-04-10:1577,2025-04-10:1579,2025-04-12:1599,2025-04-14:1640,2025-04-15:1659,2025-04-24:1666,2025-04-25:1671"
37084,CONCORD,40,No,2025-04-26,0,0,0,
38373,COTTONTAIL,0,No,2025-04-26,0,0,0,
34911,CUE,118,Yes,2025-04-26,5,32,114,",2025-03-16:6,2025-03-17:7,2025-03-19:11,2025-03-20:14,2025-03-22:15,2025-03-24:21,2025-03-26:24,2025-04-06:49,2025-04-10:63,2025-04-12:77,2025-04-14:80,2025-04-16:81,2025-04-20:86,2025-04-22:92,2025-04-24:108,2025-04-25:113,2025-04-26:118"
29012,DARK_KNIGHT583,293,No,2025-04-26,0,6,84,",2025-01-18:2,2025-01-29:3,2025-02-02:16,2025-02-04:45,2025-02-05:60,2025-02-08:85,2025-02-12:91,2025-02-13:100,2025-02-15:114,2025-02-17:117,2025-02-18:120,2025-02-19:122,2025-02-22:130,2025-02-22:135,2025-02-25:151,2025-02-26:159,2025-02-27:167,2025-02-28:181,2025-03-01:184,2025-03-04:199,2025-03-05:201,2025-03-06:208,2025-03-09:209,2025-03-10:214,2025-03-11:220,2025-03-12:225,2025-03-13:233,2025-03-13:241,2025-03-14:252,2025-03-17:257,2025-03-17:262,2025-03-18:270,2025-03-19:272,2025-03-20:275,2025-03-21:280,2025-03-24:285,2025-04-10:287,2025-04-22:289,2025-04-22:290,2025-04-24:293"
34903,DEADMATISZ,175,No,2025-04-26,0,8,147,",2025-03-10:54,2025-03-10:59,2025-03-10:60,2025-03-10:63,2025-03-11:65,2025-03-11:66,2025-03-12:74,2025-03-13:90,2025-03-13:95,2025-03-13:102,2025-03-18:106,2025-03-19:108,2025-03-20:111,2025-03-20:114,2025-03-20:116,2025-03-22:119,2025-03-23:120,2025-03-23:121,2025-03-24:126,2025-03-24:128,2025-03-24:132,2025-03-24:134,2025-03-26:144,2025-04-06:157,2025-04-10:167,2025-04-24:175"
11755,DEMANDINGSLOTH,2314,No,2025-04-26,0,24,228,",2024-08-28:609,2024-08-29:614,2024-08-29:615,2024-08-30:620,2024-08-31:626,2024-09-01:644,2024-09-02:649,2024-09-03:657,2024-09-04:666,2024-09-05:682,2024-09-06:712,2024-09-07:741,2024-09-08:760,2024-09-09:784,2024-09-10:802,2024-09-11:811,2024-09-12:836,2024-09-13:853,2024-09-13:854,2024-09-15:901,2024-09-18:928,2024-09-18:932,2024-09-19:957,2024-09-19:963,2024-09-20:982,2024-09-21:999,2024-09-21:1000,2024-09-22:1013,2024-09-22:1018,2024-09-23:1037,2024-09-24:1052,2024-09-25:1068,2024-09-26:1085,2024-09-27:1113,2024-09-28:1126,2024-09-29:1135,2024-09-30:1147,2024-10-01:1151,2024-10-02:1152,2024-10-03:1159,2024-10-05:1180,2024-10-05:1182,2024-10-06:1187,2024-10-06:1204,2024-10-07:1254,2024-10-08:1285,2024-10-10:1296,2024-10-11:1316,2024-10-12:1325,2024-10-13:1346,2024-10-14:1361,2024-10-15:1374,2024-10-16:1384,2024-10-16:1395,2024-10-17:1445,2024-10-18:1453,2024-10-20:1458,2024-10-22:1463,2024-10-23:1473,2024-10-24:1474,2024-10-26:1484,2024-10-27:1488,2024-10-28:1490,2024-10-29:1495,2024-10-30:1503,2024-11-01:1519,2024-11-05:1520,2024-11-06:1533,2024-11-07:1545,2024-11-17:1552,2024-11-18:1562,2024-11-20:1569,2024-11-22:1571,2024-11-23:1572,2024-11-27:1584,2024-11-29:1592,2024-12-01:1593,2024-12-04:1609,2024-12-05:1649,2024-12-06:1654,2024-12-10:1658,2024-12-11:1661,2024-12-15:1714,2024-12-16:1746,2024-12-22:1788,2024-12-26:1794,2024-12-27:1796,2024-12-28:1797,2024-12-29:1798,2024-12-30:1801,2025-01-05:1818,2025-01-08:1850,2025-01-09:1856,2025-01-10:1859,2025-01-11:1865,2025-01-12:1869,2025-01-13:1870,2025-01-14:1873,2025-01-16:1884,2025-01-18:1892,2025-01-20:1893,2025-01-21:1895,2025-01-23:1901,2025-01-24:1904,2025-01-25:1929,2025-01-28:1930,2025-01-29:1934,2025-01-30:1936,2025-01-31:1938,2025-02-02:1942,2025-02-04:1949,2025-02-05:1951,2025-02-08:1955,2025-02-09:1956,2025-02-12:1958,2025-02-13:1968,2025-02-16:1983,2025-02-18:1986,2025-02-19:1995,2025-02-26:1999,2025-02-27:2005,2025-02-28:2023,2025-03-01:2059,2025-03-05:2061,2025-03-06:2073,2025-03-08:2084,2025-03-09:2086,2025-03-10:2088,2025-03-11:2089,2025-03-12:2090,2025-03-13:2092,2025-03-13:2093,2025-03-14:2096,2025-03-20:2097,2025-03-20:2098,2025-03-22:2105,2025-03-23:2106,2025-04-06:2177,2025-04-06:2181,2025-04-06:2189,2025-04-07:2203,2025-04-07:2204,2025-04-07:2219,2025-04-10:2247,2025-04-12:2251,2025-04-15:2261,2025-04-16:2262,2025-04-17:2273,2025-04-18:2279,2025-04-19:2290,2025-04-22:2299,2025-04-22:2304,2025-04-24:2305,2025-04-25:2314"
38451,DOCSBOGUS,19,No,2025-04-26,0,0,11,",2025-04-14:10,2025-04-16:15,2025-04-19:19"
14267,DRUNKFIRE,2348,No,2025-04-26,0,12,28,",2024-08-28:16,2024-08-29:23,2024-08-30:28,2024-08-31:29,2024-09-01:41,2024-09-02:56,2024-09-03:86,2024-09-04:109,2024-09-05:116,2024-09-06:127,2024-09-07:142,2024-09-08:146,2024-09-09:152,2024-09-10:162,2024-09-11:173,2024-09-12:177,2024-09-13:203,2024-09-15:215,2024-09-18:254,2024-09-18:259,2024-09-19:292,2024-09-19:295,2024-09-20:322,2024-09-20:327,2024-09-21:355,2024-09-21:358,2024-09-22:384,2024-09-22:387,2024-09-23:414,2024-09-24:441,2024-09-25:460,2024-09-26:465,2024-09-27:470,2024-09-28:475,2024-09-29:480,2024-09-30:486,2024-10-01:491,2024-10-02:497,2024-10-03:502,2024-10-05:517,2024-10-06:524,2024-10-06:534,2024-10-07:543,2024-10-08:557,2024-10-09:567,2024-10-10:578,2024-10-11:595,2024-10-12:601,2024-10-13:619,2024-10-14:630,2024-10-14:631,2024-10-15:638,2024-10-16:641,2024-10-17:648,2024-10-18:654,2024-10-19:656,2024-10-20:663,2024-10-22:687,2024-10-23:703,2024-10-24:740,2024-10-25:766,2024-10-26:788,2024-10-27:820,2024-10-28:844,2024-10-29:877,2024-10-30:887,2024-11-01:917,2024-11-02:939,2024-11-03:968,2024-11-05:1028,2024-11-06:1055,2024-11-07:1081,2024-11-09:1137,2024-11-10:1164,2024-11-12:1202,2024-11-13:1225,2024-11-14:1249,2024-11-17:1279,2024-11-18:1303,2024-11-19:1330,2024-11-20:1355,2024-11-21:1373,2024-11-22:1413,2024-11-23:1462,2024-11-26:1500,2024-11-27:1503,2024-11-29:1507,2024-11-30:1508,2024-12-01:1511,2024-12-04:1520,2024-12-05:1561,2024-12-06:1571,2024-12-10:1585,2024-12-11:1586,2024-12-15:1681,2024-12-16:1722,2024-12-22:1914,2024-12-26:1995,2024-12-27:2016,2024-12-28:2023,2024-12-29:2031,2024-12-30:2038,2025-01-05:2070,2025-01-08:2071,2025-01-09:2072,2025-01-10:2073,2025-01-12:2081,2025-01-14:2089,2025-01-15:2092,2025-01-16:2098,2025-01-18:2100,2025-01-19:2101,2025-01-19:2102,2025-01-22:2104,2025-01-24:2105,2025-01-25:2109,2025-01-26:2115,2025-01-28:2136,2025-01-29:2141,2025-01-30:2149,2025-01-31:2154,2025-02-02:2179,2025-02-04:2189,2025-02-05:2205,2025-02-08:2218,2025-02-09:2219,2025-02-12:2225,2025-02-13:2227,2025-02-15:2228,2025-02-22:2232,2025-02-23:2234,2025-02-25:2242,2025-02-26:2243,2025-02-27:2245,2025-02-28:2260,2025-03-01:2282,2025-03-04:2288,2025-03-05:2289,2025-03-06:2310,2025-03-08:2315,2025-03-08:2316,2025-03-09:2320,2025-03-12:2323,2025-03-13:2324,2025-03-16:2325,2025-03-23:2326,2025-03-24:2327,2025-04-06:2328,2025-04-12:2329,2025-04-14:2332,2025-04-15:2334,2025-04-16:2335,2025-04-20:2336,2025-04-22:2341,2025-04-22:2343,2025-04-24:2347,2025-04-25:2348"
38401,FABIOCAPPUTINO,117,No,2025-04-26,0,0,52,",2025-04-14:88,2025-04-16:91,2025-04-17:102,2025-04-18:112,2025-04-19:117"
29200,GODZILLAXP,230,No,2025-04-26,0,0,43,",2025-01-19:41,2025-01-20:52,2025-01-21:55,2025-01-23:56,2025-01-28:61,2025-01-31:73,2025-02-02:79,2025-02-04:87,2025-02-05:90,2025-02-08:101,2025-02-09:105,2025-02-12:119,2025-02-13:121,2025-02-15:131,2025-02-16:136,2025-02-17:137,2025-02-19:138,2025-02-22:140,2025-02-27:141,2025-02-28:148,2025-03-01:170,2025-03-04:171,2025-03-06:176,2025-03-08:186,2025-03-09:187,2025-03-10:197,2025-03-12:199,2025-03-14:204,2025-03-14:206,2025-03-16:207,2025-03-18:217,2025-03-20:224,2025-03-22:228,2025-04-06:230"
36984,GREG68,84,No,2025-04-26,0,0,25,",2025-04-06:61,2025-04-07:62,2025-04-10:75,2025-04-10:76,2025-04-12:79,2025-04-14:83,2025-04-17:84"
34918,GWAPO11,318,Yes,2025-04-26,19,43,294,",2025-03-10:35,2025-03-10:37,2025-03-11:38,2025-03-13:39,2025-03-14:40,2025-03-16:41,2025-03-17:45,2025-03-18:50,2025-03-19:65,2025-03-19:67,2025-03-19:71,2025-03-20:85,2025-03-20:90,2025-03-20:93,2025-03-26:95,2025-04-06:123,2025-04-10:133,2025-04-14:149,2025-04-15:175,2025-04-16:210,2025-04-17:236,2025-04-17:242,2025-04-18:260,2025-04-19:275,2025-04-22:278,2025-04-24:281,2025-04-25:299,2025-04-26:318"
36935,HARDENBERG,66,No,2025-04-26,0,0,11,",2025-04-06:60,2025-04-07:65,2025-04-10:66"
6337,HEXX,23,No,2025-04-26,0,0,2,",2025-03-20:22,2025-03-22:23"
30911,JAYBEE07,1145,No,2025-04-26,0,36,775,",2025-01-28:69,2025-01-29:92,2025-01-30:125,2025-01-31:153,2025-02-02:179,2025-02-04:186,2025-02-08:205,2025-02-09:215,2025-02-12:227,2025-02-13:231,2025-02-15:239,2025-02-16:244,2025-02-17:247,2025-02-19:250,2025-02-22:274,2025-02-25:286,2025-02-28:290,2025-03-01:301,2025-03-04:322,2025-03-05:336,2025-03-06:348,2025-03-08:354,2025-03-09:370,2025-03-10:391,2025-03-10:397,2025-03-10:404,2025-03-10:408,2025-03-11:431,2025-03-11:439,2025-03-11:446,2025-03-12:461,2025-03-12:465,2025-03-13:471,2025-03-13:477,2025-03-14:483,2025-03-14:488,2025-03-15:502,2025-03-16:531,2025-03-17:552,2025-03-18:577,2025-03-19:592,2025-03-19:598,2025-03-19:601,2025-03-20:618,2025-03-20:620,2025-03-21:635,2025-03-21:647,2025-03-22:665,2025-03-22:671,2025-03-23:675,2025-03-24:686,2025-03-24:688,2025-03-26:732,2025-04-06:955,2025-04-06:966,2025-04-07:981,2025-04-07:987,2025-04-10:1045,2025-04-12:1080,2025-04-17:1102,2025-04-18:1103,2025-04-18:1105,2025-04-19:1107,2025-04-20:1109,2025-04-22:1113,2025-04-24:1132,2025-04-25:1145"
38455,JESUSHIMSELF,0,No,2025-04-26,0,0,0,
38356,KIDARACHNID,7,No,2025-04-26,0,0,1,",2025-04-15:7"
24038,LGLRED,1864,No,2025-04-26,0,0,512,",2025-02-25:966,2025-02-26:999,2025-02-27:1045,2025-02-28:1058,2025-03-01:1102,2025-03-04:1205,2025-03-05:1240,2025-03-06:1287,2025-03-08:1331,2025-03-09:1352,2025-03-10:1403,2025-03-10:1411,2025-03-10:1417,2025-03-10:1425,2025-03-10:1435,2025-03-11:1455,2025-03-11:1465,2025-03-11:1488,2025-03-12:1504,2025-03-12:1514,2025-03-13:1541,2025-03-13:1551,2025-03-14:1571,2025-03-14:1585,2025-03-15:1591,2025-03-16:1639,2025-03-17:1662,2025-03-19:1682,2025-03-19:1692,2025-03-20:1712,2025-03-20:1725,2025-03-20:1746,2025-03-21:1752,2025-03-21:1762,2025-03-23:1791,2025-03-26:1846,2025-04-06:1864"
37065,LZ_NUNES,33,No,2025-04-26,0,0,0,
31222,MAFIATHOM,509,Yes,2025-04-26,9,27,40,",2025-04-14:474,2025-04-15:477,2025-04-16:478,2025-04-17:479,2025-04-18:480,2025-04-19:482,2025-04-22:489,2025-04-25:500,2025-04-26:509"
11083,MAKSOUD92,1902,No,2025-04-26,0,0,0,",2024-08-28:732,2024-08-29:742,2024-08-29:744,2024-08-30:758,2024-08-31:770,2024-09-01:791,2024-09-02:816,2024-09-03:841,2024-09-04:865,2024-09-05:897,2024-09-06:923,2024-09-07:952,2024-09-08:979,2024-09-09:1001,2024-09-10:1028,2024-09-11:1052,2024-09-12:1075,2024-09-12:1076,2024-09-13:1102,2024-09-13:1105,2024-09-15:1173,2024-09-18:1252,2024-09-18:1269,2024-09-19:1299,2024-09-19:1302,2024-09-20:1333,2024-09-20:1335,2024-09-21:1366,2024-09-21:1371,2024-09-22:1398,2024-09-22:1405,2024-09-23:1430,2024-09-24:1461,2024-09-25:1490,2024-09-26:1521,2024-09-27:1536,2024-09-28:1542,2024-09-29:1550,2024-09-30:1559,2024-10-01:1565,2024-10-02:1569,2024-10-03:1573,2024-10-05:1580,2024-10-05:1582,2024-10-06:1586,2024-10-06:1589,2024-10-07:1597,2024-10-08:1602,2024-10-09:1605,2024-10-10:1612,2024-10-11:1617,2024-10-12:1621,2024-10-13:1625,2024-10-14:1627,2024-10-14:1628,2024-10-15:1632,2024-10-16:1636,2024-10-16:1638,2024-10-17:1658,2024-10-18:1688,2024-10-20:1692,2024-10-22:1700,2024-10-23:1702,2024-10-24:1705,2024-10-25:1709,2024-10-26:1713,2024-10-27:1718,2024-10-28:1722,2024-10-29:1727,2024-10-30:1731,2024-11-01:1737,2024-11-02:1740,2024-11-03:1744,2024-11-05:1748,2024-11-06:1751,2024-11-07:1756,2024-11-09:1760,2024-11-10:1762,2024-11-12:1763,2024-11-13:1766,2024-11-14:1768,2024-11-19:1772,2024-11-20:1776,2024-11-21:1778,2024-11-22:1779,2024-11-23:1782,2024-11-26:1793,2024-11-27:1797,2024-11-29:1803,2024-11-30:1804,2024-12-01:1809,2024-12-04:1819,2024-12-22:1839,2024-12-26:1854,2024-12-27:1856,2024-12-28:1861,2024-12-29:1866,2024-12-30:1869,2025-01-05:1889,2025-01-06:1893,2025-01-07:1896,2025-01-12:1898,2025-01-13:1901,2025-01-15:1902"
33236,MANE,156,No,2025-04-26,0,0,68,",2025-02-25:36,2025-02-26:42,2025-02-27:49,2025-03-04:66,2025-03-05:76,2025-03-06:81,2025-03-09:88,2025-03-11:91,2025-03-11:93,2025-03-13:98,2025-03-13:103,2025-03-18:111,2025-03-21:114,2025-03-22:117,2025-03-26:126,2025-04-06:150,2025-04-06:153,2025-04-15:156"
33560,MMAINS,250,No,2025-04-26,0,0,113,",2025-03-09:137,2025-03-10:141,2025-03-10:143,2025-03-10:148,2025-03-10:153,2025-03-11:161,2025-03-12:169,2025-03-13:174,2025-03-14:177,2025-03-15:179,2025-03-16:184,2025-03-17:186,2025-03-17:191,2025-03-19:194,2025-03-20:195,2025-03-20:196,2025-03-20:199,2025-03-21:201,2025-03-22:205,2025-03-22:206,2025-03-23:215,2025-03-24:217,2025-03-24:220,2025-03-26:222,2025-04-06:242,2025-04-07:243,2025-04-10:250"
33656,MOODY,2,No,2025-04-26,0,0,1,",2025-03-18:2"
28456,MUDWAYNE,1559,Yes,2025-04-26,10,58,776,",2025-01-06:53,2025-01-07:59,2025-01-07:60,2025-01-08:74,2025-01-09:93,2025-01-10:110,2025-01-11:121,2025-01-12:141,2025-01-13:153,2025-01-14:161,2025-01-15:181,2025-01-16:190,2025-01-18:220,2025-01-19:231,2025-01-19:237,2025-01-20:251,2025-01-21:261,2025-01-22:263,2025-01-23:268,2025-01-24:273,2025-01-25:274,2025-01-26:287,2025-01-28:321,2025-01-29:339,2025-01-30:355,2025-01-31:364,2025-02-02:384,2025-02-04:395,2025-02-05:406,2025-02-08:420,2025-02-09:422,2025-02-12:444,2025-02-13:454,2025-02-15:474,2025-02-16:482,2025-02-17:492,2025-02-18:504,2025-02-19:517,2025-02-22:557,2025-02-22:560,2025-02-23:581,2025-02-25:606,2025-02-26:621,2025-02-27:639,2025-02-28:654,2025-03-01:668,2025-03-04:716,2025-03-05:732,2025-03-06:743,2025-03-08:756,2025-03-08:758,2025-03-08:760,2025-03-08:761,2025-03-09:783,2025-03-10:788,2025-03-10:792,2025-03-10:795,2025-03-10:798,2025-03-10:801,2025-03-11:806,2025-03-11:808,2025-03-11:816,2025-03-12:827,2025-03-12:830,2025-03-13:839,2025-03-13:848,2025-03-14:850,2025-03-14:858,2025-03-15:867,2025-03-16:899,2025-03-17:909,2025-03-17:914,2025-03-18:934,2025-03-19:947,2025-03-19:954,2025-03-19:960,2025-03-20:965,2025-03-20:972,2025-03-20:974,2025-03-20:982,2025-03-21:987,2025-03-21:995,2025-03-21:999,2025-03-22:1009,2025-03-22:1024,2025-03-23:1047,2025-03-23:1053,2025-03-24:1060,2025-03-24:1065,2025-03-24:1073,2025-03-26:1107,2025-04-06:1313,2025-04-06:1316,2025-04-07:1324,2025-04-07:1337,2025-04-10:1384,2025-04-10:1386,2025-04-12:1404,2025-04-14:1429,2025-04-15:1447,2025-04-16:1462,2025-04-17:1470,2025-04-17:1473,2025-04-18:1480,2025-04-18:1482,2025-04-19:1489,2025-04-20:1496,2025-04-20:1501,2025-04-20:1502,2025-04-22:1519,2025-04-22:1520,2025-04-24:1532,2025-04-25:1549,2025-04-26:1559"
33540,NAMKO,356,Yes,2025-04-26,5,33,294,",2025-03-10:66,2025-03-11:71,2025-03-12:72,2025-03-13:76,2025-03-14:80,2025-03-15:85,2025-03-17:89,2025-03-18:93,2025-03-19:95,2025-03-20:100,2025-03-21:114,2025-03-22:122,2025-03-24:134,2025-04-06:228,2025-04-10:254,2025-04-10:257,2025-04-12:273,2025-04-14:287,2025-04-15:298,2025-04-16:303,2025-04-17:311,2025-04-18:315,2025-04-19:318,2025-04-20:323,2025-04-22:332,2025-04-24:345,2025-04-25:351,2025-04-26:356"
5281,NASHAMBI,34,No,2025-04-26,0,0,0,
31182,OOOOGABOO,480,No,2025-04-26,0,0,2,",2025-04-10:480"
23933,PANKOTOR,4635,No,2025-04-26,0,0,604,",2024-10-28:35,2024-10-29:60,2024-10-30:79,2024-11-01:93,2024-11-02:104,2024-11-03:123,2024-11-05:164,2024-11-06:179,2024-11-07:204,2024-11-09:248,2024-11-10:257,2024-11-12:268,2024-11-13:275,2024-11-14:285,2024-11-15:305,2024-11-17:314,2024-11-18:343,2024-11-19:367,2024-11-20:400,2024-11-21:450,2024-11-22:490,2024-11-23:540,2024-11-26:693,2024-11-27:748,2024-11-29:866,2024-11-30:915,2024-12-01:964,2024-12-04:1127,2024-12-05:1180,2024-12-06:1238,2024-12-10:1429,2024-12-11:1479,2024-12-15:1641,2024-12-16:1687,2024-12-22:1957,2024-12-26:2003,2024-12-27:2037,2024-12-28:2091,2024-12-29:2131,2024-12-30:2172,2025-01-05:2333,2025-01-09:2360,2025-01-10:2403,2025-01-11:2446,2025-01-12:2487,2025-01-13:2532,2025-01-14:2571,2025-01-15:2591,2025-01-16:2634,2025-01-18:2713,2025-01-19:2741,2025-01-19:2757,2025-01-20:2785,2025-01-21:2825,2025-01-22:2872,2025-01-23:2919,2025-01-24:2968,2025-01-25:3009,2025-01-26:3059,2025-01-28:3149,2025-01-29:3194,2025-01-30:3240,2025-01-31:3284,2025-02-02:3363,2025-02-04:3452,2025-02-05:3490,2025-02-08:3516,2025-02-09:3538,2025-02-12:3577,2025-02-13:3586,2025-02-15:3612,2025-02-16:3630,2025-02-17:3648,2025-02-18:3659,2025-02-19:3675,2025-02-22:3722,2025-02-22:3731,2025-02-23:3750,2025-02-25:3779,2025-02-26:3796,2025-02-27:3810,2025-02-28:3824,2025-03-01:3839,2025-03-04:3894,2025-03-05:3912,2025-03-06:3961,2025-03-08:4003,2025-03-08:4005,2025-03-09:4031,2025-03-10:4064,2025-03-10:4075,2025-03-10:4078,2025-03-10:4099,2025-03-10:4118,2025-03-10:4123,2025-03-11:4138,2025-03-11:4146,2025-03-11:4153,2025-03-12:4171,2025-03-12:4173,2025-03-13:4195,2025-03-13:4196,2025-03-13:4203,2025-03-14:4214,2025-03-14:4226,2025-03-15:4231,2025-03-16:4259,2025-03-17:4267,2025-03-17:4271,2025-03-18:4289,2025-03-19:4304,2025-03-19:4310,2025-03-19:4312,2025-03-20:4322,2025-03-20:4333,2025-03-20:4335,2025-03-20:4337,2025-03-21:4345,2025-03-21:4353,2025-03-21:4356,2025-03-22:4363,2025-03-22:4377,2025-03-23:4397,2025-03-23:4399,2025-03-24:4410,2025-03-24:4414,2025-03-24:4415,2025-03-24:4424,2025-03-26:4469,2025-03-26:4470,2025-04-06:4634,2025-04-12:4635"
28808,PIRAKS,152,No,2025-04-26,0,7,145,",2025-03-08:7,2025-03-10:15,2025-03-10:19,2025-03-10:21,2025-03-10:26,2025-03-11:28,2025-03-12:39,2025-03-13:44,2025-03-13:46,2025-03-16:52,2025-03-17:62,2025-03-17:66,2025-03-19:73,2025-03-20:78,2025-03-20:81,2025-03-21:90,2025-03-22:98,2025-03-23:103,2025-04-06:106,2025-04-07:110,2025-04-10:123,2025-04-14:134,2025-04-16:142,2025-04-17:145,2025-04-22:152"
15527,RAIYNA,1086,No,2025-04-26,0,11,121,",2024-09-19:41,2024-09-19:47,2024-09-20:54,2024-09-20:56,2024-09-21:58,2024-09-21:63,2024-09-23:68,2024-09-24:77,2024-09-25:82,2024-09-26:93,2024-09-27:102,2024-09-28:108,2024-09-29:109,2024-09-30:118,2024-10-02:126,2024-10-05:131,2024-10-05:137,2024-10-06:145,2024-10-07:165,2024-10-08:181,2024-10-09:193,2024-10-10:204,2024-10-11:212,2024-10-12:220,2024-10-13:222,2024-10-14:238,2024-10-15:245,2024-10-17:253,2024-10-19:271,2024-10-20:281,2024-10-22:291,2024-10-23:301,2024-10-24:310,2024-10-26:320,2024-10-30:330,2024-11-01:366,2024-11-05:373,2024-11-06:383,2024-11-10:397,2024-11-12:436,2024-11-13:443,2024-11-14:462,2024-11-18:472,2024-11-19:492,2024-11-20:516,2024-11-21:540,2024-11-22:552,2024-11-23:577,2024-11-26:591,2024-11-27:615,2024-11-29:623,2024-12-01:633,2024-12-04:644,2024-12-15:646,2024-12-16:656,2024-12-22:679,2024-12-26:691,2025-01-05:707,2025-01-06:712,2025-01-07:717,2025-01-08:726,2025-01-09:732,2025-01-13:754,2025-01-15:761,2025-01-16:766,2025-01-19:774,2025-01-20:782,2025-01-21:790,2025-01-22:798,2025-01-24:806,2025-01-25:807,2025-01-26:812,2025-01-28:829,2025-01-29:841,2025-01-30:848,2025-01-31:854,2025-02-04:870,2025-02-05:875,2025-02-08:884,2025-02-09:891,2025-02-12:905,2025-02-15:926,2025-02-16:930,2025-02-18:938,2025-02-23:945,2025-02-27:965,2025-03-16:980,2025-03-18:986,2025-03-19:992,2025-04-06:1004,2025-04-10:1030,2025-04-12:1038,2025-04-15:1046,2025-04-16:1054,2025-04-18:1061,2025-04-19:1075,2025-04-22:1080,2025-04-25:1086"
35454,RED_SKYLAR,134,No,2025-04-26,0,0,29,",2025-04-10:113,2025-04-12:119,2025-04-14:123,2025-04-16:126,2025-04-17:127,2025-04-18:131,2025-04-19:134"
35156,ROPECOACH,380,Yes,2025-04-26,9,29,64,",2025-04-14:325,2025-04-16:334,2025-04-17:343,2025-04-19:351,2025-04-24:371,2025-04-26:380"
29195,ROSHI77,1036,Yes,2025-04-26,5,79,514,",2025-01-19:31,2025-01-20:33,2025-01-22:34,2025-01-23:37,2025-01-24:38,2025-01-25:54,2025-01-26:59,2025-01-28:68,2025-01-29:75,2025-01-30:81,2025-01-31:110,2025-02-02:153,2025-02-04:192,2025-02-05:200,2025-02-08:226,2025-02-09:246,2025-02-12:261,2025-02-13:274,2025-02-15:293,2025-02-17:301,2025-02-18:305,2025-02-19:325,2025-02-22:381,2025-02-23:390,2025-02-25:401,2025-02-26:413,2025-02-27:426,2025-02-28:439,2025-03-01:443,2025-03-04:456,2025-03-05:459,2025-03-06:483,2025-03-08:515,2025-03-08:516,2025-03-09:522,2025-03-10:527,2025-03-11:532,2025-03-12:537,2025-03-13:544,2025-03-14:551,2025-03-14:552,2025-03-16:567,2025-03-17:576,2025-03-17:579,2025-03-18:595,2025-03-19:613,2025-03-19:620,2025-03-20:627,2025-03-20:636,2025-03-20:640,2025-03-21:653,2025-03-21:660,2025-03-22:686,2025-03-22:688,2025-03-23:695,2025-03-23:696,2025-03-24:704,2025-03-24:705,2025-03-24:706,2025-03-26:730,2025-04-06:808,2025-04-07:810,2025-04-10:822,2025-04-12:852,2025-04-14:888,2025-04-15:898,2025-04-17:905,2025-04-18:928,2025-04-19:949,2025-04-20:956,2025-04-20:957,2025-04-20:962,2025-04-22:976,2025-04-24:1006,2025-04-25:1031,2025-04-26:1036"
9472,SHH9030,2029,Yes,2025-04-26,7,57,128,",2024-08-28:564,2024-08-29:565,2024-08-30:571,2024-09-01:582,2024-09-02:588,2024-09-03:589,2024-09-04:591,2024-09-05:595,2024-09-10:600,2024-09-11:615,2024-09-12:625,2024-09-12:626,2024-09-13:633,2024-09-15:687,2024-09-18:745,2024-09-18:751,2024-09-19:764,2024-09-19:768,2024-09-20:779,2024-09-20:782,2024-09-21:788,2024-09-21:794,2024-09-22:803,2024-09-22:804,2024-09-23:805,2024-09-24:809,2024-09-25:824,2024-09-26:837,2024-09-27:859,2024-09-28:870,2024-09-29:879,2024-09-30:881,2024-10-02:883,2024-10-03:899,2024-10-05:911,2024-10-05:920,2024-10-06:938,2024-10-06:949,2024-10-07:959,2024-10-08:975,2024-10-09:1003,2024-10-10:1028,2024-10-11:1045,2024-10-12:1062,2024-10-13:1078,2024-10-14:1080,2024-10-14:1084,2024-10-15:1087,2024-10-17:1097,2024-10-19:1098,2024-10-20:1100,2024-10-22:1128,2024-10-23:1135,2024-10-24:1140,2024-10-25:1144,2024-10-26:1150,2024-10-27:1170,2024-10-28:1183,2024-10-29:1189,2024-10-30:1196,2024-11-01:1207,2024-11-02:1211,2024-11-03:1223,2024-11-05:1235,2024-11-06:1243,2024-11-07:1246,2024-11-09:1251,2024-11-10:1253,2024-11-10:1264,2024-11-12:1299,2024-11-13:1304,2024-11-14:1309,2024-11-15:1311,2024-11-17:1312,2024-11-18:1316,2024-11-19:1317,2024-11-20:1319,2024-11-21:1320,2024-11-23:1324,2024-11-26:1340,2024-11-27:1342,2024-11-29:1346,2024-11-30:1348,2024-12-01:1350,2024-12-04:1360,2024-12-05:1386,2024-12-06:1398,2024-12-10:1414,2024-12-11:1417,2024-12-15:1466,2024-12-16:1479,2024-12-22:1527,2024-12-26:1542,2024-12-27:1547,2024-12-28:1551,2024-12-29:1554,2024-12-30:1564,2025-01-05:1604,2025-01-06:1608,2025-01-07:1609,2025-01-07:1611,2025-01-08:1619,2025-01-09:1626,2025-01-10:1633,2025-01-11:1638,2025-01-12:1647,2025-01-13:1651,2025-01-14:1654,2025-01-15:1661,2025-01-16:1663,2025-01-18:1664,2025-01-19:1665,2025-01-20:1667,2025-01-21:1669,2025-01-22:1671,2025-01-25:1679,2025-01-26:1716,2025-01-28:1732,2025-01-29:1734,2025-01-30:1736,2025-01-31:1737,2025-02-02:1739,2025-02-04:1744,2025-02-05:1751,2025-02-08:1764,2025-02-09:1770,2025-02-12:1804,2025-02-13:1818,2025-02-15:1831,2025-02-16:1833,2025-02-17:1834,2025-02-18:1835,2025-02-19:1837,2025-02-23:1838,2025-02-27:1843,2025-02-28:1844,2025-03-04:1866,2025-03-05:1869,2025-03-06:1890,2025-03-08:1900,2025-03-08:1901,2025-03-12:1909,2025-03-13:1917,2025-03-13:1919,2025-03-13:1923,2025-03-14:1924,2025-03-16:1928,2025-03-17:1933,2025-03-23:1934,2025-04-06:1936,2025-04-10:1940,2025-04-14:1957,2025-04-15:1961,2025-04-16:1966,2025-04-17:1969,2025-04-19:1972,2025-04-22:1986,2025-04-24:2010,2025-04-25:2022,2025-04-26:2029"
29201,SINATRIX,2428,Yes,2025-04-26,11,103,1111,",2025-01-19:108,2025-01-20:118,2025-01-21:150,2025-01-22:162,2025-01-23:166,2025-01-24:173,2025-01-25:176,2025-01-26:182,2025-01-28:216,2025-01-29:232,2025-01-30:246,2025-01-31:269,2025-02-02:288,2025-02-04:322,2025-02-05:346,2025-02-08:462,2025-02-09:497,2025-02-12:602,2025-02-13:633,2025-02-15:703,2025-02-16:729,2025-02-17:763,2025-02-18:788,2025-02-19:817,2025-02-22:898,2025-02-22:907,2025-02-23:935,2025-02-25:992,2025-02-26:1012,2025-02-27:1042,2025-02-28:1074,2025-03-01:1109,2025-03-04:1190,2025-03-04:1191,2025-03-05:1213,2025-03-06:1241,2025-03-08:1282,2025-03-08:1285,2025-03-09:1317,2025-03-09:1323,2025-03-10:1339,2025-03-10:1341,2025-03-10:1344,2025-03-10:1347,2025-03-10:1351,2025-03-10:1358,2025-03-11:1365,2025-03-11:1373,2025-03-11:1380,2025-03-12:1395,2025-03-12:1400,2025-03-13:1425,2025-03-13:1428,2025-03-13:1434,2025-03-14:1450,2025-03-14:1463,2025-03-15:1477,2025-03-16:1518,2025-03-17:1540,2025-03-17:1544,2025-03-18:1573,2025-03-19:1591,2025-03-19:1600,2025-03-19:1610,2025-03-20:1618,2025-03-20:1628,2025-03-20:1632,2025-03-21:1648,2025-03-21:1657,2025-03-21:1662,2025-03-22:1677,2025-03-22:1687,2025-03-23:1719,2025-03-23:1724,2025-03-24:1736,2025-03-24:1742,2025-03-24:1745,2025-03-24:1753,2025-03-26:1814,2025-04-06:2138,2025-04-07:2149,2025-04-10:2193,2025-04-10:2198,2025-04-12:2225,2025-04-14:2249,2025-04-15:2267,2025-04-16:2275,2025-04-17:2284,2025-04-17:2287,2025-04-18:2295,2025-04-19:2312,2025-04-20:2319,2025-04-20:2325,2025-04-20:2327,2025-04-22:2362,2025-04-22:2367,2025-04-24:2399,2025-04-25:2417,2025-04-26:2428"
35168,SPEX,12,No,2025-04-26,0,0,4,",2025-04-07:10,2025-04-10:12"
23399,SUHYEL,1205,No,2025-04-26,0,0,63,",2025-01-19:810,2025-01-20:813,2025-01-21:822,2025-01-22:823,2025-01-23:832,2025-01-24:835,2025-01-25:857,2025-01-26:861,2025-01-28:876,2025-01-29:884,2025-01-30:888,2025-01-31:906,2025-02-02:920,2025-02-04:928,2025-02-05:932,2025-02-08:941,2025-02-09:953,2025-02-12:959,2025-02-13:974,2025-02-15:990,2025-02-16:1004,2025-02-17:1006,2025-02-22:1027,2025-02-22:1030,2025-02-25:1052,2025-02-27:1075,2025-03-04:1120,2025-03-06:1123,2025-03-08:1136,2025-03-09:1142,2025-03-13:1147,2025-03-13:1152,2025-03-14:1159,2025-03-15:1174,2025-03-16:1183,2025-03-18:1186,2025-03-19:1188,2025-03-21:1197,2025-03-22:1200,2025-04-06:1205"
27367,SWAYZE,625,No,2025-04-26,0,4,94,",2025-01-06:100,2025-01-07:105,2025-01-08:109,2025-01-09:120,2025-01-10:123,2025-01-11:130,2025-01-12:140,2025-01-13:143,2025-01-15:150,2025-01-18:155,2025-01-19:163,2025-01-20:171,2025-01-22:183,2025-01-24:188,2025-01-25:196,2025-01-26:201,2025-01-28:216,2025-01-29:232,2025-02-02:262,2025-02-04:269,2025-02-05:279,2025-02-08:322,2025-02-12:333,2025-02-13:343,2025-02-15:367,2025-02-16:370,2025-02-19:380,2025-02-22:431,2025-02-22:436,2025-02-23:445,2025-02-25:471,2025-02-26:474,2025-02-28:501,2025-03-01:504,2025-03-04:522,2025-03-06:525,2025-03-08:528,2025-03-09:531,2025-03-10:536,2025-03-11:538,2025-03-12:539,2025-03-15:544,2025-03-16:552,2025-03-18:556,2025-03-26:570,2025-04-06:595,2025-04-12:596,2025-04-14:600,2025-04-15:607,2025-04-16:611,2025-04-19:616,2025-04-20:619,2025-04-20:621,2025-04-22:624,2025-04-25:625"
35074,SYISS,895,Yes,2025-04-26,28,194,639,",2025-04-06:265,2025-04-06:267,2025-04-07:278,2025-04-07:282,2025-04-07:295,2025-04-10:398,2025-04-10:402,2025-04-12:449,2025-04-14:509,2025-04-15:551,2025-04-16:590,2025-04-17:608,2025-04-17:612,2025-04-18:623,2025-04-18:628,2025-04-19:656,2025-04-20:691,2025-04-20:701,2025-04-22:759,2025-04-22:760,2025-04-24:822,2025-04-25:867,2025-04-26:895"
32707,THEDON89,1,No,2025-04-26,0,0,0,
11789,TIGRESS,933,No,2025-04-26,0,0,25,",2024-08-28:208,2024-08-29:208,2024-08-30:213,2024-08-31:218,2024-09-06:223,2024-09-09:228,2024-09-10:233,2024-09-11:238,2024-09-13:243,2024-09-18:248,2024-09-20:253,2024-09-21:266,2024-09-21:271,2024-09-22:276,2024-09-24:281,2024-09-25:290,2024-09-26:296,2024-09-27:301,2024-09-28:306,2024-10-03:320,2024-10-05:325,2024-10-07:330,2024-10-08:340,2024-10-09:349,2024-10-10:359,2024-10-11:363,2024-10-17:376,2024-10-18:380,2024-10-19:396,2024-10-23:406,2024-10-24:411,2024-10-25:425,2024-10-30:430,2024-11-01:445,2024-11-02:450,2024-11-03:454,2024-11-05:467,2024-11-06:481,2024-11-12:503,2024-11-14:508,2024-11-17:515,2024-11-18:523,2024-11-19:532,2024-11-20:541,2024-11-21:551,2024-11-22:556,2024-11-26:576,2024-11-27:588,2024-11-29:593,2024-12-04:613,2024-12-10:615,2024-12-15:625,2024-12-16:630,2024-12-22:640,2024-12-26:645,2024-12-27:657,2024-12-28:661,2025-01-05:681,2025-01-07:686,2025-01-08:700,2025-01-09:705,2025-01-10:710,2025-01-14:719,2025-01-15:724,2025-01-18:734,2025-01-23:741,2025-01-24:756,2025-01-25:759,2025-01-28:764,2025-01-29:774,2025-01-30:779,2025-01-31:788,2025-02-05:798,2025-02-08:803,2025-02-12:813,2025-02-13:818,2025-02-15:828,2025-02-19:833,2025-02-22:848,2025-02-25:853,2025-02-26:868,2025-02-27:873,2025-03-04:878,2025-03-05:883,2025-03-06:888,2025-03-08:908,2025-03-12:913,2025-03-12:918,2025-03-13:923,2025-03-17:928,2025-03-19:933"
36938,TRICKZZ,38,No,2025-04-26,0,0,0,
34996,TRONIC,25,No,2025-04-26,0,1,12,",2025-04-10:18,2025-04-15:20,2025-04-16:22,2025-04-17:24,2025-04-22:25"
35283,TURFEDIT,45,No,2025-04-26,0,4,16,",2025-04-06:31,2025-04-07:33,2025-04-07:35,2025-04-10:39,2025-04-14:41,2025-04-22:44,2025-04-24:45"
35459,UROQ,38,No,2025-04-26,0,0,0,
33527,VALOROSO,102,No,2025-04-26,0,0,25,",2025-02-25:32,2025-02-26:38,2025-02-27:44,2025-02-28:45,2025-03-04:61,2025-03-05:69,2025-03-08:77,2025-03-11:82,2025-03-13:87,2025-03-20:88,2025-03-21:93,2025-03-21:98,2025-03-22:100,2025-04-06:102"
35152,VORTEXVOYAGER,164,No,2025-04-26,0,0,0,
13066,ZUX,2139,No,2025-04-26,0,0,5,",2024-08-28:38,2024-08-28:40,2024-08-29:59,2024-08-29:65,2024-08-30:89,2024-08-31:100,2024-09-01:107,2024-09-02:126,2024-09-03:186,2024-09-04:215,2024-09-05:236,2024-09-06:267,2024-09-07:289,2024-09-08:311,2024-09-09:337,2024-09-10:361,2024-09-11:403,2024-09-12:425,2024-09-13:451,2024-09-13:453,2024-09-15:505,2024-09-18:527,2024-09-18:536,2024-09-19:563,2024-09-19:566,2024-09-20:592,2024-09-20:595,2024-09-21:625,2024-09-21:632,2024-09-22:653,2024-09-22:656,2024-09-23:688,2024-09-24:693,2024-09-25:696,2024-10-05:702,2024-10-06:708,2024-10-06:718,2024-10-07:736,2024-10-08:746,2024-10-09:747,2024-10-10:757,2024-10-12:762,2024-10-13:775,2024-10-14:776,2024-10-15:784,2024-10-16:785,2024-10-17:796,2024-10-20:801,2024-10-22:830,2024-10-23:882,2024-10-24:932,2024-10-25:969,2024-10-26:1011,2024-10-28:1015,2024-10-29:1067,2024-10-30:1097,2024-11-01:1159,2024-11-02:1182,2024-11-03:1221,2024-11-05:1264,2024-11-06:1299,2024-11-07:1328,2024-11-09:1365,2024-11-10:1366,2024-11-15:1370,2024-11-17:1371,2024-11-18:1409,2024-11-19:1433,2024-11-20:1455,2024-11-21:1505,2024-11-22:1537,2024-11-23:1583,2024-11-26:1697,2024-12-05:1698,2024-12-15:1752,2024-12-16:1790,2024-12-22:1909,2024-12-26:1977,2024-12-27:1979,2024-12-29:2002,2025-01-10:2009,2025-01-11:2011,2025-01-12:2012,2025-01-16:2013,2025-01-22:2014,2025-01-24:2015,2025-01-25:2027,2025-01-29:2029,2025-01-30:2030,2025-01-31:2032,2025-02-02:2036,2025-02-08:2046,2025-02-09:2050,2025-02-12:2063,2025-02-13:2064,2025-02-15:2065,2025-02-19:2077,2025-02-22:2083,2025-02-22:2090,2025-02-23:2102,2025-02-25:2109,2025-02-26:2113,2025-03-04:2123,2025-03-05:2125,2025-03-06:2128,2025-03-08:2134,2025-04-20:2139"
38520,VATICINADOR ,82,Yes,2025-04-26,5,25,25,",2025-04-22:65,2025-04-24:73,2025-04-25:77,2025-04-26:82"
38550,XARHTNA ,52,Yes,2025-04-26,3,31,31,",2025-04-22:29,2025-04-22:31,2025-04-24:40,2025-04-25:49,2025-04-26:52"
38545,HEARTFLOWER ,43,Yes,2025-04-26,4,24,24,",2025-04-22:27,2025-04-24:35,2025-04-25:39,2025-04-26:43"
38537,BUBBLEY1000 ,0,No,2025-04-26,0,0,0,
25128,REXXII ,83,No,2025-04-26,0,0,0,
38673,ENOO ,1,No,2025-04-26,0,0,0,
38542,MACCHEDDAR ,25,Yes,2025-04-26,2,16,16,",2025-04-20:11,2025-04-22:14,2025-04-22:17,2025-04-24:20,2025-04-25:23,2025-04-26:25"
